id,name,email,phone,address
893,Pamela Morgan,pemcrosby@gmail.com,+1 212-431-4048,"87 Crosby St, New York, NY 10012"
926,Richard Fertig,fertigr@gmail.com,+1 (917) 334-7911,"51 Dumar Drive Sag Harbor, NY"
959,Annie Hamilton,Annie@lindroth.cc,,Lindroth Design
1025,Ellen Foldes,ellen@ellenfoldesartadvisory.com,+1 (914) 263-5038,
1058,Ben Segal,,+1 (917) 328-6494,"122 Henry Road Southampton, NY"
1091,Kasey Karp,,+1-917-923-6791,"553 Wainscott NW Road, Wainscott, NY 11975"
992,Steven Leibsohn,stevenmdstar@yahoo.com,+1 (623) 202-7114,303 Park avenue #1916
894,Mrs. Mathis,,+1 (516) 458-8001,"8 Ogden Lane Quogue, NY"
960,Don Christensen,,(347) 721-5856,
993,steven leibsohn,stevenmdstar@yahoo.com,+1 (623) 202-7114,"303 Park avenue #1916 New York,NY"
1059,Jeff Kraus,jk@carvalhopark.com,+1.231.590.5355,"112 WATERBURY STREET, BROOKLYN, NY 11206"
1092,Hillary Liebowitz,,+1-516-322-8390,"885 Park Avenue, 5C, New York, NY"
895,Jeff & Lynn Schwartz,,+1 (914) 450-6280,"8 Great Oak Lane East Hampton, NY"
961,Vidur Kapur,kapur.vidur@gmail.com,+1 (347) 581-5062,45 south midway road shelter island NY 11964
994,"Annie Hamilton, Lindroth Design",Annie@lindroth.cc,,
1060,KATHRYN MARKEL FINE ARTS,,908.991.6940,"529 W. 20th Street New York, NY"
1093,Harron Zimmerman,,+1-917-297-4229,"28 Second Neck Lane, Quogue, NY"
962,Christine Wexler,cmwex5@gmail.com,+1 (914) 715-7257,
995,Patrick McGinley,,646-206-0887,
1061,Roderic Steinkamp,Roderic@rsteinkamp.com,+1 (917) 225-9019,"47 The Circle East Hampton, NY 11937"
1094,Jennifer Gross,jennifergross1@gmail.com,+1 (917) 693-6951,"149 E. 73rd St., Apt. 10 A."
1062,Christine Wexler,cmwex5@gmail.com,+1 (914) 715-7257,
1095,Sheryl Kaye,sjk@thekayes.com,+1 (914) 450-8009,"101 West 67th St, NY 10023"
1063,Ellie,,+1 (917) 608-1010,
447,Patricia Calderoni,"",nan,1134 Harbor Dr Delray Beach Fl 33483
448,Samuel Waxman,"",nan,1158 Fifth Ave15B New York NY 10128
449,James Croak Tomoeito,"",nan,12 Northview Dr Sag Harbor NY 11963
450,Casey Kaplan,"",(646) 833-7709,121 West 27th Street New York NY 10001
451,Jane Hausman Troy,"",nan,170 Wainscott Harbor Road Sagaponack NY
452,Penny Kaplan,"",nan,2 5th Avenue#6M New York NY 10011
453,Eleanor Jinks,"",nan,229 Bergen St Brooklyn NY 11217
454,Stephen Harris,"",(631) 697-8000,27 E. 65th Street New York NY
455,Antonio Martins,"",nan,34 N 7th PH 1E Brooklyn NY 11249
456,Perry Burns,"",nan,390 Pantigo Rd East Hampton NY 11937
457,Linda Mintz,"",nan,4349 Noyac Rd. Sag Harbor NY
458,Padideh Raphael,"",nan,5 Bittersweet Lane Amagansett NY 11930 USA
459,Bsquared Projects,"",nan,514 Pantigo Rd East Hampton NY 11937
460,Gaby Massey,"",917 359 8205,53 Quaquanantuck Lane Quogue New York 11959 United States
461,Nina  Link,"",917-224-9388,"6 Country Estates Road Westhampton, New York 11977. New York 11977 United States"
462,South Etna Arts Foundations,"",nan,77 East 77th Street New York NY 10075
463,William Sherman,"",nan,80 Gould St East Hampton NY 11937
464,Amy Nagler,"",nan,850 Park AveAPT 6B New York NY 10075
465,Larry Fliegleman,"",nan,PO Box 238 Remsenburg NY 11960
466,Hamptons House Watching,"1630FR@Hamptonshousewatching.com,office@Hamptonshousewatching.com",nan,163 Old Farm Rd Sagaponack NY 11963
467,Jill & Giorgio DeSantis,1jillcarlson@gmail.com,nan,""
468,Jay Mandel,8ml@hamptonshousewatching.com,nan,""
469,Tibor De Nagy Gallery (TDN),aarnot@tibordenagy.com,nan,""
470,BBANYC,abaranovich@bbanyc.com,nan,""
471,Your Special Delivery Service (YSDS),Accounting.nyc@ysds.com,nan,Your Special Delivery Service New York NY 10001
472,David Netto Design LLC,"accounting@davidnettodesign.com,valyn@davidnettodesign.com",nan,""
473,Skyframe,"accounting@skyframe.com,suzan@skyframe.com",nan,""
474,The Hampton Synagogue,accounting@thehamptonsynagogue.org,nan,""
475,Adelita Flowers,adelita@juicepress.com,nan,""
476,Frank Fort,adessaint@benvoliogroup.com,nan,""
477,Adriane Flinn,adief@gmail.com,nan,""
478,Winston Wächter Fine Art,alangyel@winstonwachter.com,212-255-2718,530 West 25th St. New York NY 10001
479,Bella Mancini Design,Alex@bellamancinidesign.com,nan,""
480,Andrew and Tara Weinstock,alex@bellamancinidesign.com,nan,24 Dock Hollow Rd. Cold Spring Harbor
481,Alex Benrimon,Alex@Benrimon.com,nan,""
482,Alex Freedman,alexandra.freedman@artsymail.com,nan,Artsy New York NY 10013
483,Alicia Murphy,alicia@aliciamurphydesign.com,nan,""
484,Voltz Clarke,alistair@voltzclarke.com,nan,""
485,Aliya and Aren LeeKong,"aliya@aliyaleekong.com,acl@dbscp.com",nan,""
486,Allison Garcy Interiors,allison@allisongarcyinteriors.com,(917) 584-7844,""
487,Fritz Advisory,Allison@fritzadvisory.com,nan,""
488,Amanda Wilkes,amanda@bhallamunro.com,nan,""
489,Amanda Mulcahy,amulcahy@newbond.com,(347) 683-0067,""
490,Andrea McCafferty,andreamc129@yahoo.com,nan,""
491,Andre Bally,andrebally@gmail.com,nan,""
492,Felrath Hines LLC,andrew@artfinancepartners.com,nan,41 E. 57th StreetSte 702 New York NY 10022
493,FOX-NAHEM,Andrew@foxnahem.com,nan,""
494,Andrew Pilaro,andrew@pilaro.com,nan,""
495,The House of Fine Art,andrew@thehouseoffineart.com,nan,""
496,Emphasis Design,andrews@emphasisdesign.com,nan,""
497,Andy Siegel,andysiegel345@gmail.com,nan,""
498,Anna Zorina Gallery,anna@annazorinagallery.com,nan,""
499,Berggruen Gallery,"ap@berggruen.com,stephanie@berggruen.com",nan,10 Hawthorne Street San Francisco CA 94105
500,ARC Fine Art LLC,arcfineart@me.com,nan,""
501,Hilton Contemporary,arica@hiltoncomtemporary.com,nan,716 N. Wells Chicago IL
502,Armann,armann@ao-atelier.com,nan,""
503,White Room Gallery,art4thewhiteroomgallery@gmail.com,nan,The White Room Gallery Bridgehampton NY 11932
504,April Gornik,"artnik@optonline.net,artnik@pipline.com",nan,61 Fresh Pond Rd Sag Harbor NY 11963
505,Ashley Masella,ashley@11-11-creative.com,nan,""
506,Ashley Stark,ashleystarkkenner@gmail.com,nan,""
507,Michelle Gerson Wattell,ashlyn@michellegerson.com,nan,160 Clubhouse Rd King of Prussia PA 19406
508,Mariska Hargitay,assistant@mariska.com,nan,""
509,Audry Casusol,axcasusol@yahoo.com,nan,""
510,Axiom Contemporary,axiomcontemporary@gmail.com,nan,""
511,Baboo Imaging Graphics Inc,Baboo@baboodigital.com,nan,""
512,Maiken Baird,bairdassistant@gmail.com,nan,38 Two Mile Hollow East Hampton NY
513,Barbara Macklowe,Barbaramacklowe@gmail.com,nan,""
514,"INGRAO, INC",bballard@ingraoinc.com,(212) 472-5400 (516) 502-8516,17 East 64th Street New York NY 11065
515,Samuel Owen Gallery,betsy@samuelowen.com,nan,""
516,Betsy Mackey,betsymackey16@gmail.com,nan,836 Sagg Main Sagaponack NY 11962
517,Tanya Taylor,billmacd@mac.com,nan,""
518,Harper's Books,"bills@harpersbooks.com,bills@harpersgallery.com",nan,87 Newtown Lane East Hampton NY 11937
519,Blair Dibble,blair@blairdibble.com,nan,""
520,Bryce Markus,bmarkus27@gmail.com,nan,42 Wainscott Stone Rd
521,Robert Fleischer and Katy Glass,bob.fleischer@mac.com,nan,""
522,Bob Tabor Images,bobtaborimages@gmail.com,nan,""
523,Bonnie Lautenberg,"bonnie@bonnielautenberg.com,khim.davis@eassets.com",nan,""
524,John Hummel,brad@johnhummel.com,nan,""
525,Brandigall,"Brandigall@yahoo.com,Alisa.doctoroff@gmail.com",nan,""
526,Kim Braswell,braswell.kimberly@gmail.com,nan,""
527,Brian Leighton Inc,brian@brianleightoninc.com,(917) 403-5850,""
528,Miles McEnery Gallery,brigid@milesmcenery.com,nan,""
529,Victoria,britvic@me.com,nan,Third Way Construction
530,Bonnie Rychlak,brychlak09@gmail.com,nan,35 Neck Path East Hampton NY 11937
531,Beth Scharfman,bscharfman@gmail.com,nan,""
532,Budd Goldman,bsg@finalwordinvestments.com,nan,""
533,Goei,"carey@goeidepiante.com, victoria@goeidepiante.com",nan,""
534,Bjorn Design,carol@bjornendesign.com,nan,""
535,Sandy Robertson,carol@carolsaper.com,nan,""
536,Carrol Rominoff,carol@romanoffelements.com,nan,""
537,Carola Beeney,carola.beeney@gmail.com,nan,""
538,Carol Hunt,carolhunt125@icloud.com,nan,""
539,Dekar Design,Caroline@dekardesign.com,nan,""
540,FLAG Art Foundation,caroline@FLAGartfoundation.org,nan,""
541,Frampton Co,casey@framptonco.com,nan,""
542,Cassi Namoda,"cassi.namoda@gmail.com,briannaashe@gmail.com,mchoi@agsny.com",nan,""
543,ATP.art,cassie@atp.art.com,nan,511 6th Ave#934 New York NY 10011
544,MM Fine Art,catherine@mmfineart.com,nan,""
545,Cathy Glass Design,cathy@cathyglassdesign.com,nan,""
546,"Berry Campbell, LLC",cb@berrycampbell.com,nan,530 W 24th St. New York NY 10011
547,Century Association,ccuadrado@thecentury.org,nan,7 W. 43rd St. New York NY 10036
548,Clic Gallery,"centre@clic.com,accountspayable@clic.com",nan,255 Centre Street New York NY 10013
549,Chandler Smith,Chandlers@gmail.com,nan,""
550,Charlie Ferrer,"charlie@ferrer.co,isadora@ferrer.co",nan,""
551,Chase Edwards Contemporary,chaseedwardsgallery@gmail.com,nan,2462 Main Street Bridgehampton NY 11932
552,Karen Kelly,Chefmarina2020@gmail.com,nan,""
553,Cheryl Hazan,cheryl@cherylhazan.com,nan,35 N Moore St. #1 New York NY 10013
554,Atelier Purcell,"cherylg@atelierpurcell.com,alex@alexandrepurcellrodrigues.com",nan,""
555,Audrey Flack,"chloepitkoff@gmail.com,severin.delfs@gmail.com,audreyflack@hotmail.com",nan,""
556,Chris Hansen,chrishansen.la@mac.com,nan,""
557,AWG Art Advisory,christine@awgartadvisory.com,nan,Christine
558,Scott Rudin,claudia@benjaminvandiver.com,nan,""
559,Marjonne,Contact@twishippers.com,nan,""
560,Cornelia Foss,corneliafoss@aol.com,nan,""
561,DAD Trucking Inc.,dadny@verizon.net,nan,855 Edgewater Road Bronx NY 10474
562,Damien,damien@abeartllc.com,nan,""
563,Damien Roman Fine Art,"damien@damienromanfineart.com,damien@romanfineart.com",nan,""
564,Dan Glaser,"Dan.glaser@mmc.com,Felicia.Fink@mmc.com",nan,""
565,Dana Rubin,Danarubin@optonline.net,nan,""
566,Aetna Fine Art Logistics,"daniel.l@aetnafineart.com,Stephen.B@AetnaFineArt.com,Rick.P@AetnaFineart.com",1-516-825-5885  Ext. 103,123 E Mineola Ave Valley Stream NY 11580
567,Matthew Marks Gallery,daniela@matthewmarks.com,nan,""
568,Dan Nguyen,dannguyen39@Yahoo.com,(908) 698-3383,""
569,David Molner,david.molner@gmail.com,nan,""
570,David and Sarah Schimmel,david@andpartnersny.com,nan,108 E 86th St. New York NY 10028
571,Dawn,dawn@serhant.com,nan,""
572,Daniela Carrasco,dearteclub@gmail.com,nan,""
573,Debbie Perlick,debbieperlick@aol.com,nan,""
574,Buck House LLC,"deborah@deborahbuck.com,deborah@deborahbuck.com",nan,""
575,Denise Incandela,deniseincandela@gmail.com,nan,1000 Park Avenue#4B New York NY 10028
576,Jasmine Lam,design@jasminelam.com,nan,927 Lincoln RoadSuite 200 Miami Beach FL 33139
577,Dennis Ferrone,dfhomeinc@gmail.com,nan,""
578,Douglas Maxwell,dfmaxwell@mac.com,nan,""
579,Dana Golding,dgolding@abromgmt.com,nan,""
580,Steve Diamond,diamondsteve7@gmail.com,nan,25 W. 81st St. New York NY 10024
581,Margherita Divari,divari@massimodecarlo.com,nan,16 Clifford Street  W1S 3RG London   United Kingdom
582,David Israel,dji6262@aol.com,nan,142 Old Northwest Road East Hampton NY 11937
583,Affiliated Adjustment Group Ltd.,dklein@adjustmentgroup.com,nan,"3000 Marcus Ave
Ste 3W3 Lake Success NY 11042"
584,Daryl Goldberg-Simon,dns4hk@gmail.com,nan,""
585,Dorian Bergen,dorian@acagalleries.com,nan,""
586,"Dream Windows & Interiors, LLC",dreamwindows11977@gmail.com,nan,29 Montauk Highway Westhampton NY 11977
587,Drew Shiflett,dshiflett@yahoo.com,nan,""
588,Southampton Art Center,"dtorres@southamptoncenter.org,tcmotch@southhamptoncenter.org,jdiamond@southamptoncenter.org",nan,""
589,Duck Creek Arts,duckcreekarts@gmail.com,nan,""
590,Gregory McKenzie,duhallowgregm120@aol.com,nan,14 Mill Farm Southampton NY 11968
591,Darius Yektai,dyektai@gmail.com,nan,""
592,Dyektai,Dyektai@gmail.com,nan,""
593,Denny Dimin Gallery,dylan@dennydimingallery.com,nan,""
594,Elizabeth Bolognino Interiors LLC,EB@elizabethbolognino.com,nan,""
595,Another Space,"ebbrodsky@gmail.com, harqueta@anotherspace.org",nan,""
596,Elliot Cooperstone,ecooperstone@gmail.com,nan,""
597,Eleanor Donnelly,"ed@stelleco.com,jb@stelleco.com",nan,""
598,Elissa DeBrito,edebrito1@aol.com,nan,29 East Hollow Road East Hampton NY 11937
599,Emma DeGennaro,edegannaro@ingraoinc.com,nan,""
600,Judy Gibbons,edenfelicien@gmail.com,nan,8500 Flourtown Ave Wyndmoor PA
601,"Tulla Booth Gallery, LLC","edwardsegal0@me.com, edward.segal@gmail.com",nan,66 Main St Sag Harbor NY
602,Elizabeth Hazan,ehazan@mindspring.com,nan,20 Jay Street Brooklyn NY 11201
603,Eileen Ekstract,"eileenekstract@gmail.com,eileen.ekstract@collectorsconcessions.com",nan,""
604,Russell Steel,ejartmover@gmail.com,nan,""
605,Michael John Silverton,Ejartmover@gmail.com,(312) 576-5922,80 Further Lane East Hampton NY 11937
606,Elephant Designs,elephantdesigns@me.com,nan,""
607,Michael Del Piero Good Design,elizabeth@michaeldelpiero.com,nan,""
608,Ellen,Ellen@ellenfoldesartadvisory.com,nan,""
609,John Alschuler,Emily.Foster@therme.us,nan,""
610,Emily,emily@emilydbinteriors.com,nan,""
611,Eric Wuu,eric@allisongarcyinteriors.com,nan,""
612,Effie Tstitiridis,etsitiridis@gmail.com,nan,""
613,Frank Born,fborn12@gmail.com,nan,""
614,Eric Fischl,fischlstudio@gmail.com,nan,""
615,Open House LTD,frank@foronjy.com,nan,""
616,Findlay Galleries,fred@findlayart.com,(212) 421-5390,165 Worth Avenue Palm Beach FL 33489
617,George Billis Gallery,"gallery@georgebillis.com,georgebillisgallery@yahoo.com",nan,""
618,Gavin Spanierman,gavin@gspanierman.com,nan,""
619,Gene Bernstein,geneb@northville.com,nan,""
620,Parthenon,george@parthenonframing.com,nan,""
621,Katherine Gleason,gleason.kathryn@gmail.com,nan,""
622,Kathryn Gleason,gleason.kathryn@gmail.com,nan,""
623,Gayle Lopata,glopata@bhsusa.com,nan,""
624,Gary Moross,gmoross@gmail.com,nan,""
625,Gianna Putrino,gputrino@nyaa.edu,nan,""
626,Rebecca Grafstein,grafsteinr@gmail.com,nan,""
627,Greg Carter Studio Management,gregcarter.theone@gmail.com,nan,""
628,Gregory Kong,gregorykong@gmail.com,nan,""
629,Galerie Kornfeld,hakobyan@galeriekornfeld.com,nan,Galerie KornfeldKunsthandel GmbH & Co.KGFasanenstr. 26 Berlin  10719 Germany
630,Mr. Arslanian,hanisha@aarslanian.com,(917) 892-8864,""
631,Venus Over Manhattan,Heather@venusovermanhattan.com,nan,""
632,Adhesivo LLC,Hello@adhesivomagazine.com,nan,20379 W. Country Club Dr.#2439 Aventura Fl 33180
633,Destination Haus,hello@destinationhaus.com,nan,55 Main Street East Hampton NY 11937
634,Hilary Matt,hilary@hilarymatt.com,nan,""
635,Helen Gifford,hlgifford1@yahoo.com,nan,P.O Box 61 Sag Harbor NY 11963
636,Holly Levy,hollylevy@aol.com,nan,10 East Wood Path Sagaponack NY
637,Hope Rothschild,hoperothschild@yahoo.com,nan,""
638,Keewaydin Investments,hrr@keewaydininvestments.com,nan,""
639,Heather Sherman,hsherman543@gmail.com,nan,""
640,Claire Oliver Gallery,ian@claireoliver.com,nan,""
641,Ilene Sands,ibeth103@aol.com,nan,""
642,Abe Art LLC,info@abeartllc.com,nan,""
643,Cavin Morris Gallery,info@cavinmorris.com,nan,""
644,Plant house,info@planthouse.net,nan,""
645,Rental Gallery,info@rentalgallery.us,(631) 903-7474,""
646,Cristin Longo,info@spondergallery.com,nan,""
647,Sponder Gallery,info@spondergallery.com,nan,""
648,Intense Movers,"intensemovers@gmail.com,aleute3@gmail.com",nan,""
649,Irina Alimanestianu,irina@irinaalimanestianu.com,nan,""
650,Irving Grauer,irving.grauer@gmail.com,nan,5 Farrell Ct Watermill NY 11976
651,Isaac Reynoso,"isaac@culturalproducations.com,melissa@culturalproductions.com",nan,""
652,Inplus Inc.,isao@inplusinc.com,nan,""
653,Jessica VonHagn,j.vonhagn@compass.com,nan,""
654,Jackie Paolone,jacquelinepaolone@mac.com,nan,""
655,James DeMartis Metal Studio,james@jamesdemartis.com,nan,""
656,McAlpine House,janderson@mcalpinehouse.com,nan,""
657,Janet Jennings,janetjenningsart@gmail.com,nan,""
658,Janet Lehr,janetlehr@janetlehrinc.com,nan,""
659,Joseph Bell,jbell@lbbelon.com,(917) 750-3460,95 Davids Lane East Hampton NY
660,Jay Bialsky,"jbialsky@icloud.com,jay@jbialsky.com",nan,""
661,Natalie,Jcohenhousehold@gmail.com,nan,28 West End Road East Hampton
662,J Design Group,jdesigngroup@aol.com,nan,""
663,Jean Albano Gallery,jeanalbanogallery@gmail.com,nan,""
664,Jeff Lincoln,jeff@collectiveartdesign.com,nan,""
665,Jen Going Interiors JDG,"jen@jengoinginteriors.com,betty@jengoinginteriors.com",nan,""
666,Jessica Cohen Designs,jessica@jessicacohendesigns.com,nan,""
667,Jessica Lichtenstein,jessica@jessicalichtenstein.com,nan,710 Broadway New York NY 10003
668,Jonathan Grayer,jg@jgrayer.com,nan,""
669,Jennifer Whitman,jgwhitman2000@yahoo.com,nan,113 Farm Field Road Bridgehampton NY 11932
670,Jim Daiyle,jimdny@gmail.com,nan,""
671,The American Academy of Arts & Letters,Jjaskey@artsandletters.org,nan,""
672,Carvalho Park Gallery,jk@carvalhopark.com,nan,""
673,Cromwell Art,"jkopie@mac.com, jeff@cromwellart.com",nan,119 W. 72nd St#131 New York NY 10023
674,Jeff Muhs,jmuhs@jeffmuhsstudio.com,nan,""
675,High Fashion Concepts,joanna@hfcart.com,nan,""
676,Joanna,joanna@venusovermanhattan.com,nan,""
677,Joanne Carson Art Studio,"joannecarsonartstudio@gmail.com,suzanne@suzanneunrein.com",nan,""
678,Joanne Greenbaum,joannegreenbaum@me.com,917-476-8652,519 Sterling place Greenport ny 11944
679,Paula Cooper Gallery,joe@paulacoopergallery.com,(212) 255-1105,524 West 26th Street New York NY 10001
680,Joel Mesler,joel@rentalgallery.us,nan,""
681,John Picker,john@johnpicker.com,nan,""
682,John Alexander,johnalexanderstudio@gmail.com,nan,""
683,John Acierno,johnlacierno@gmail.com,nan,""
684,Jonathan Boos,"jonathanboos@mac.com,minnie@jonathanboos.com,sheri@jonathanboos.com",nan,""
685,Kathy Kuo Home,jordan@kathykuohome.com,nan,Kathy Kuo Home30 Jobs Lane Southampton NY 11968
686,Josef Najar,josef.najar@morganstanley.com,(917) 690-2900,52 Ruxton Road East Hampton NY 11937
687,Jennifer Gardner,jrgardner47@gmail.com,nan,""
688,C and C Gallery,julia@candcgallery.com,nan,""
689,Rebecca Hossack Gallery,julia@rebeccahossack.com,nan,""
690,One Main (The BZZAAR Inc.),julianna@one1main.com,nan,"Artsyc/o Alex Freedman401 Broadway, Floor 25 New York NY 10013"
691,Keyes Art Gallery,juliekeyes15@yahoo.com,nan,""
692,Kai Gallery LLC,justin@kaigallery.com,nan,""
693,Agora Gallery,justinrosswarner@gmail.com,nan,530 W. 25th St New York NY
694,Jutta Kraus,jutta@ruttkowski68.com,nan,"8 Rue Charlot, 75003Paris, France"
695,Juvy Miraflor,juvy63sm@yahoo.com,nan,""
696,Joan Holden,jzholden67@gmail.com,nan,""
697,Joe Farrell,k.kelly@farrellbuilding.com,nan,""
698,Catalyst Art,Kahl@catalystartinc.com,nan,""
699,Susana Simonpietri,kaitlin.kelly@chango.co,nan,Susana Simonpietri East Hampton NY 11937
700,Eric Firestone Gallery,Kara@ericfirestonegallery.com,nan,""
701,Contessa Gallery,karen@contessagallery.com,nan,""
702,Elements In Play,karen@elementsinplay.com,nan,""
703,Hesse Flatow LLC,karen@hesseflatow.com,nan,127 Squaw Road East Hampton New York 11937 United States
704,Bonhams New York,Kate.Stamm@bonhams.com,nan,580 Madison Avenue New York NY 10022
705,Long House Reserve,kate@longhouse.org,nan,""
706,Hauser & Wirth,katherinewilson@hauserwirth.com,nan,542 W. 22nd Street New York NY 10011
707,Katie Lydon Interiors,Kathryn@katielydoninteriors.com,nan,""
708,KMR Arts,kathy@kmrarts.com,nan,""
709,Kathy Markel,kathy@markelfinearts.com,nan,""
710,Karen Bromberg,kbromberg@cohengresser.com,nan,""
711,Cultural Counsel,keeley@culturalcounsel.com,nan,""
712,Kelli Hull,kelli@kellihull.com,nan,""
713,Kelly & Henry Prince,"Kelly@prince.co,henry@prince.co",nan,""
714,Katie Leede,kelsey@katieleede.com,nan,""
715,Dominick Rotondi,ken@drdnyc.com,nan,""
716,Kevin Hart,kevin@kevinhart.com,nan,""
717,Khim Davis,khim.davis@eassets.com,nan,""
718,James Cohan Gallery,klay@jamescohan.com,nan,""
719,Parrish Art Museum,klopferr@parrishart.org,nan,""
720,Mike Schneider,koufax77292@gmail.com,nan,""
721,Montauk Yacht Club,kprugginteriors@gmail.com,nan,""
722,Kramoris Gallery,kramorisgallery@gmail.com,nan,""
723,Francoise Ghebaly,kristina@ghebaly.com,nan,""
724,Kimberly Yoon,kyoon145@gmail.com,nan,""
725,Larry Kane,larrykane123@gmail.com,nan,""
726,Laura Solomon,laura@laurasolomonfineart.com,nan,""
727,Joline Stemerman,laurence@stmrhome.com,nan,""
728,Laurence,Laurence@stmrhome.com,nan,""
729,Linda Burkhardt,LB@lindaburkhardt.com,nan,""
730,Lisa Guida,Lbguida@me.com,nan,""
731,Leslie Ghize,lghize@tobereport.com,nan,""
732,The Noguchi Museum,lgiacoletti@noguchi.org,nan,""
733,Lilly Bunn,Lilly@lillybunn.com,nan,""
734,Linda J Sirow,linda.sirow@gmail.com,nan,""
735,Nino Mier Gallery,lindsey@miergallery.com,nan,""
736,Kemble Interiors,liza@kembleinteriors.com,nan,""
737,Liz Vayner,lizvayner@gmail.com,nan,""
738,Lisa Marie Milat,lm@studioelleemme.com,nan,""
739,Lochen Design,lo.chen@lochendesign.com,nan,""
740,Louise P. Sloane,Lps11@optonline.net,nan,50 Kings Point Road Kings Point NY 11024
741,Lani Shufelt,lshufelt@thechanler.com,nan,""
742,Laura Traphagen,ltraphagen@gmail.com,nan,""
743,Lynn Savarese,lynn.savarese@gmail.com,nan,""
744,"Lynn Avenue, LLC.",LynnAvenueLLC@CaiolaREgroup.com,nan,99 Lynn Ave. Hampton Bays NY 11946
745,Laurie Zucker,LZucker@mskyline.com,631-537-7797,101 West 55th Street New York NY 10019
746,Maggie Tolkin,maggie.tolkin@gmail.com,nan,""
747,Michael Altman,maltman@mnafineart.com,nan,""
748,Pure Art Services,margaret@pureartservices.com,nan,""
749,The Selects Gallery,marie@theselectsgallery.com,nan,""
750,Embed Creative,Marisa@embedcreative.com,nan,""
751,Katja Goldman,marisol.marquez@muus.com,nan,""
752,Mayrock Art,Marjorie@mayrockart.com,nan,""
753,Serena & Lily,mark.hughes@serenaandlily.com,nan,""
754,Building Details,mary@buildingdetails.com,nan,103 Montauk Hwy East Hampton NY
755,Nicole Klagsbrun Inc,mary@nicoleklagsbrun.com,nan,""
756,Vallarino Fine Art,masha@vallarinofineart.com,(212) 628-0722,""
757,Matt Shamnoski,matt.sham77@gmail.com,nan,""
758,Dietl,matthew.hickey@dietl.com,nan,207 W. 25th St.FL 3 New York NY
759,Michael Aviles,maviles@mjavileslaw.com,nan,""
760,Darrow Contemporary,maxine@darrowcontemporary.com,nan,""
761,Sean McCarthy,mccarthy.sean.w@gmail.com,nan,""
762,Leyden Lewis,mczappacosta@gmail.com,nan,""
763,Miles Jaffee,mdj@milesjaffe.com,nan,""
764,Max Dolgicer,mdolgicer@isg-inc.com,nan,""
765,Grenning Gallery,megan@grenninggallery.com,631-725-8469,Laura Grenning Sag Harbor NY 11963
766,Megan Riley,megan@meganriley.com,nan,""
767,Brian J. McCarthy,melanie@bjminc.com,917-304-9118,Brian J. McCarthy57 West 57th Street New York NY 10019
768,Markt Art Advisory,Meredith@marktadvisory.com,nan,""
769,Meredith Keay,meredithkeay@me.com,nan,""
770,MFS Sculpture Jewelry,mia@miafsolow.com,nan,""
771,Michal Mufson,michal@michalmufson.com,nan,""
772,Nicole Brady,michellepeirona@gmail.com,nan,50 Highway Behind the Pond East Hampton NY 11937
773,Sag Harbor Cinema,"mimi@sagharborcinema.org,iwona@sagharborcinema.org",nan,""
774,Mindy & Daniel Bass,mindybass409@gmail.com,nan,350 Mecox Road Water Mill NY
775,Miriam,miriam@mwldesigngroup.com,nan,""
776,Marie Josée Primeau,mjp@mariejoseeprimeau.com,nan,""
777,Mickey Baumrind,mmbaumrind@gmail.com,nan,""
778,Marty Melzer,Mmcpapc@aol.com,(631) 766-5222,PO Box 905 Remsenburg NY 11960
779,New York Academy of Art,"msmith@nyaa.edu,helbers@nyaa.edu",nan,""
780,Meryl Taradash,mtarnyc@aol.com,nan,""
781,Mike Chutko,mtchutko@gmail.com,nan,""
782,Mary Weatherford Inc.,mw@maryweatherford.net,nan,""
783,Nadia Anderson,nadia.hackett@gmail.com,nan,""
784,Mark Lehr,Nancy@laanda.net,nan,""
785,Nancy Larsen,nancy@laanda.net,nan,""
786,Marc Leder,nancy@laanda.net,nan,"Sagg Main Holdings, LLCAttn:  Family Office5200 Town Center Circle, 4th Floor Boca Raton FL 33486"
787,Casterline Goodman Gallery,natalie@casterlinegoodman.com,nan,""
788,Natalie Antoine,natalie@casterlinegoodman.com,nan,""
789,Nick Dietz,nick@thelifestylerguy.com,nan,""
790,Hidden Lake Asset Management,Nicole@hiddenlakeam.com,(212) 237-1280 (347) 668-1693,"52 West 57th Street, Suite 920 New York NY 10019"
791,Paul. Davis,nik.jajac@pauldavis.com,nan,""
792,Nikki Brown,Nikki@nikkilbrownart.com,nan,""
793,Samuels Creative & Co.,"nina@samuelscreative.com,es@samuelscreative.com",nan,""
794,Norman Weisfeld,normanw@fubu.com,nan,12 Windsor Gate Great Neck NY 11021
795,Nathan Strieter,nstrieter@lsm.com,nan,""
796,Corder Management,office@cordermanagement.com,nan,""
797,Dan Hasted,office@manage-ment.com,nan,""
798,Oscar Junquera,ojunquera@panmarcap.com,nan,""
799,Omar Baker,omar.md@gmail.com,nan,""
800,Phillip Danisi,p.danisi7@gmail.com,nan,""
801,Patricia McGrath Design,patricia@pmcgrathdesign.com,631-537-2822,Decorative Detail Interiors
802,Michael Davis,Patrick@michaeldavis.com,nan,""
803,Patrick Creedon,patrickc@taymourgrahne.com,nan,""
804,Clifford Ross,paul@cliffordross.com,nan,""
805,Paul Davis,paul@pauldavisnewyork.com,nan,""
806,Peter Buchman,pbucks@optonline.net,nan,""
807,Guild Hall East Hampton,pcontent@guildhall.org,nan,""
808,Perry Steiner,perrywintersteiner@gmail.com,nan,""
809,Peter Dayton LLC,peter@peterdayton.com,nan,""
810,Peter Simon,peter@pmsimon.ch,nan,""
811,Peter Genatt,"pgenatt@aol.com,tgenatt@gmail.com",nan,34 Leonard St. PH NY NY 10013
812,Blond Contemporary,philli@blondcontemporary.com,nan,""
813,Mark Borghi Fine Art Inc.,"phoebe@markborghi.com,mark@markborghi.com,mark@borghi.org",nan,2426 Main St. Bridgehampton NY 11930
814,Peter Lee,plee70376@gmail.com,nan,""
815,Benrubi Gallery,rachel@benrubigallery.com,nan,""
816,Tina Kim Gallery,rachel@tinakimgallery.com,646-939-5098,525 West 21st Street New York NY 10011
817,Robert Guida,raguida@me.com,914-222-5000,""
818,Randi Ball,randi.ball@corcoran.com,nan,""
819,Rebecca Homapour,rebeccadcohen@gmail.com,nan,""
820,Robin Matza Design,"redhead1160@aol.com,robin.matza@serenaandlily.com",nan,""
821,Peggy Gelfond,reply2peggy@gmail.com,nan,""
822,Richard Rothschild,richard.rothschild56@gmail.com,nan,""
823,Richard Friedman,rick@show-hamptons.com,(631) 283-5505,""
824,Dan Rizzie,rizvex@optonline.net,nan,""
825,Front Desk Apparatus,rob@frontdeskapparatus.com,nan,""
826,Pie Pie MTK LLC,rosa@meteorvineyard.com,nan,20 Hamilton Drive Montauk NY 11954
827,University of Lynchburg,rothermel@lynchburg.edu,nan,""
828,Colm Rowan Fine Art,rowan.colm@gmail.com,nan,55 Main Street East Hampton NY 11937
829,By Appointment Hamptons,ryan@byappointmentshamptons.com,nan,""
830,I.V. Contemporary LLC,sandrac@institutodevision.com,nan,88 Eldridge St NY NY
831,Brooke Abrams Design,sara@brookeabramsdesign.com,nan,""
832,Nightingale Gallery,sara@saranightingale.com,nan,""
833,Sears-Peyton Gallery,sarah@searspeyton.com,nan,""
834,The Journal Gallery,sarah@thejournalgallery.com,nan,45 White Street New York NY 10013
835,Susanna Adler,sarahjbarkow@gmail.com,nan,""
836,Michael Schubert,schubert@ruderfinn.com,nan,""
837,Roy Seifert,seifertroy@gmail.com,nan,""
838,Sara Fitzmaurice,sfitzmaurice@aventure-art.com,nan,""
839,"Mitchell-Innes & Nash, Inc.",Sheldon@miandn.com,2127447400,526 W 26th St Rm 308 New York NY 100015518 US
840,Sheri Sandler,sheri@sherisandler.com,nan,""
841,Michael Weinberg,sheri@thechurchsagharbor.org,nan,""
842,The Church Sag Harbor,sheri@thechurchsagharbor.org,nan,""
843,Susan Kane,skane275@hotmail.com,nan,105 Cove Hollow East Hampton NY 11937
844,Shawn Levy,"slevy@mlmgmt.com,salevy@mac.com",nan,""
845,Swann Auction Galleries,slicitra@swanngalleries.com,nan,""
846,Sloan Schaffer,sloan@101exhibit.com,nan,210 Cold Spring Rd Hudson NY 12534
847,David Scott,sloane@davidscottinteriors.com,nan,""
848,Sloane Hubbuch,sloane@davidscottinteriors.com,502-744-6527,50 Lawrence Ct Water Mill NY 11976 United States
849,Sylvia Oberwager,sloberwager@gmail.com,nan,68 Mecox Road Watermill NY 11976
850,Steve Cohn,smcohn911@gmail.com,nan,""
851,Hollis Taggart,"smgolden@hollistaggart.com,stancharnin@hollistaggart.com",nan,""
852,Eli Wilner & Co. INC,smorello@eliwilner.com,nan,""
853,MARIANNE BOESKY GALLERY,sophia@boeskygallery.com,nan,""
854,Stafford Broumand,srbroumand@gmail.com,nan,""
855,Stefani Shavel,stefani.shavel@gmail.com,nan,""
856,Julie Stelzer,stelzerjulie@gmail.com,nan,""
857,Allan Schwartzman,stephen@allanschwartzman.com,nan,""
858,Steve Rabin,stever926@gmail.com,nan,""
859,Stewart Gross,stewart@stewartgross.com,Office 212-328-0548  917-903-7260,Lightyear Capital New York NY 10019
860,Stuart Rothstein,stuartrothstein@yahoo.com,nan,""
861,DFI Services / Adco Group,sue.ball@adcogroup.com,nan,""
862,Sue Ball,sue.ball@adcogroup.com,nan,""
863,N 53 Gallery,"summer@n53gallery.com, weiss@n53gallery.com",(718) 755-9052,53 the Circle East Hampton
864,Caldwell Snyder,"susan@caldwellsnyder.com,liz@caldwellsnyder.com",nan,""
865,Susan Gross,susan@grossarch.com,nan,""
866,North Shore Cosmetic,susanpacifico@hotmail.com,nan,""
867,Suzanne Anker,suzanne.anker@gmail.com,nan,""
868,Lori Margolis Interiors,"sydney@lorimargolisinteriors.com,lori@lorimargolisinteriors.com",nan,""
869,S Bitter-Larkin Fine Art Inc.,sylviebitterlarkin@gmail.com,nan,PO Box1957 Shelter Island NY 11964
870,Stephen Zaro,sz@lancewoodcapital.com,nan,""
871,Christine Blaustein,T90winter@hotmail.com,nan,""
872,Suffolk Community College Association Inc.,"teasond@sunysuffolk.edu,gosnelm@sunysuffolk.edu",nan,""
873,Terri Hyland,terrimhyland@gmail.com,nan,""
874,Theodore Rojos,theodore.rojas@eassets.com,nan,""
875,Espinasse31 INC,thomas@espinasse31.com,nan,929 Michigan Ave Miami Beach FL 33139
876,Mary Ryan Gallery,Thomas@maryryangallery.com,nan,""
877,Ryan Lee Gallery,thomas@ryanleegallery.com,nan,""
878,Thomas Gleeson,thomasgleeson@icloud.com,nan,215 Chrystie Street #28W New York NY 10002
879,Yarger Fine Art,tim@yargerfineart.com,nan,""
880,Tim O'Conner,timothyollc@gmail.com,nan,""
881,Bay Street,tracy@baystreet.org,nan,""
882,Buckner Projects,troybuckner@mac.com,nan,""
883,David Nolan Gallery,Valentina@davidnolangallery.com,nan,""
884,Mckenzie Fine Art,valerie@mckenziefineart.com,nan,""
885,Vered Art,Vered@veredart.com,nan,""
886,Victoria Katsov,vkatsov@gmail.com,nan,""
887,Turnberry,vpinera@turnberry.com,nan,""
888,Ocean Graphics,Will@oghamptons.com,nan,""
889,Juanita Wimberley,wimberleyf@nyc.rr.com,nan,""
890,Morrison Gallery,"wm.@morrisongallery.com,ellie@morrisongallery.com",nan,""
891,Wendy Frieder,wmfrieder@gmail.com,nan,""
892,Yanina Fuertes,ymfuertes@gmail.com,nan,""
